"","dE","alphaB","powerwo","powerwFix","powerwFixdiff","powerwo_orig"
"1",-3,0,0,0,0,0.705413902442457
"2",-2.99,0,0,0,0,0.705413902442457
"3",-2.98,0,0,0,0,0.705413902442457
"4",-2.97,0,0,0,0,0.705413902442457
"5",-2.96,0,0,0,0,0.705413902442457
"6",-2.95,0,0,0,0,0.705413902442457
"7",-2.94,0,0,0,0,0.705413902442457
"8",-2.93,0,0,0,0,0.705413902442457
"9",-2.92,0,0,0,0,0.705413902442457
"10",-2.91,0,0,0,0,0.705413902442457
"11",-2.9,0,0,0,0,0.705413902442457
"12",-2.89,0,0,0,0,0.705413902442457
"13",-2.88,0,0,0,0,0.705413902442457
"14",-2.87,0,0,0,0,0.705413902442457
"15",-2.86,0,0,0,0,0.705413902442457
"16",-2.85,0,0,0,0,0.705413902442457
"17",-2.84,0,0,0,0,0.705413902442457
"18",-2.83,0,0,0,0,0.705413902442457
"19",-2.82,0,0,0,0,0.705413902442457
"20",-2.81,0,0,0,0,0.705413902442457
"21",-2.8,0,0,0,0,0.705413902442457
"22",-2.79,0,0,0,0,0.705413902442457
"23",-2.78,0,0,0,0,0.705413902442457
"24",-2.77,0,0,0,0,0.705413902442457
"25",-2.76,0,0,0,0,0.705413902442457
"26",-2.75,0,0,0,0,0.705413902442457
"27",-2.74,0,0,0,0,0.705413902442457
"28",-2.73,0,0,0,0,0.705413902442457
"29",-2.72,0,0,0,0,0.705413902442457
"30",-2.71,0,0,0,0,0.705413902442457
"31",-2.7,0,0,0,0,0.705413902442457
"32",-2.69,0,0,0,0,0.705413902442457
"33",-2.68,0,0,0,0,0.705413902442457
"34",-2.67,0,0,0,0,0.705413902442457
"35",-2.66,0,0,0,0,0.705413902442457
"36",-2.65,0,0,0,0,0.705413902442457
"37",-2.64,0,0,0,0,0.705413902442457
"38",-2.63,0,0,0,0,0.705413902442457
"39",-2.62,0,0,0,0,0.705413902442457
"40",-2.61,0,0,0,0,0.705413902442457
"41",-2.6,0,0,0,0,0.705413902442457
"42",-2.59,0,0,0,0,0.705413902442457
"43",-2.58,0,0,0,0,0.705413902442457
"44",-2.57,0,0,0,0,0.705413902442457
"45",-2.56,0,0,0,0,0.705413902442457
"46",-2.55,0,0,0,0,0.705413902442457
"47",-2.54,0,0,0,0,0.705413902442457
"48",-2.53,0,0,0,0,0.705413902442457
"49",-2.52,0,0,0,0,0.705413902442457
"50",-2.51,0,0,0,0,0.705413902442457
"51",-2.5,0,0,0,0,0.705413902442457
"52",-2.49,0,0,0,0,0.705413902442457
"53",-2.48,0,0,0,0,0.705413902442457
"54",-2.47,0,0,0,0,0.705413902442457
"55",-2.46,0,0,0,0,0.705413902442457
"56",-2.45,0,0,0,0,0.705413902442457
"57",-2.44,0,0,0,0,0.705413902442457
"58",-2.43,0,0,0,0,0.705413902442457
"59",-2.42,0,0,0,0,0.705413902442457
"60",-2.41,0,0,0,0,0.705413902442457
"61",-2.4,0,0,0,0,0.705413902442457
"62",-2.39,0,0,0,0,0.705413902442457
"63",-2.38,0,0,0,0,0.705413902442457
"64",-2.37,0,0,0,0,0.705413902442457
"65",-2.36,0,0,0,0,0.705413902442457
"66",-2.35,0,0,0,0,0.705413902442457
"67",-2.34,0,0,0,0,0.705413902442457
"68",-2.33,0,0,0,0,0.705413902442457
"69",-2.32,0,0,0,0,0.705413902442457
"70",-2.31,0,0,0,0,0.705413902442457
"71",-2.3,0,0,0,0,0.705413902442457
"72",-2.29,0,0,0,0,0.705413902442457
"73",-2.28,0,0,0,0,0.705413902442457
"74",-2.27,0,0,0,0,0.705413902442457
"75",-2.26,0,0,0,0,0.705413902442457
"76",-2.25,0,0,0,0,0.705413902442457
"77",-2.24,0,0,0,0,0.705413902442457
"78",-2.23,0,0,0,0,0.705413902442457
"79",-2.22,0,0,3.09045720855118e-07,3.09045720855118e-07,0.705413902442457
"80",-2.21,0,0,1.29189455695024e-06,1.29189455695024e-06,0.705413902442457
"81",-2.2,0,0,2.27093294684596e-06,2.27093294684596e-06,0.705413902442457
"82",-2.19,0,0,3.43121489898211e-06,3.43121489898211e-06,0.705413902442457
"83",-2.18,0,0,4.69566969561132e-06,4.69566969561132e-06,0.705413902442457
"84",-2.17,0,0,6.07307264404362e-06,6.07307264404362e-06,0.705413902442457
"85",-2.16,0,0,7.44298069143341e-06,7.44298069143341e-06,0.705413902442457
"86",-2.15,0,0,9.0639359178909e-06,9.0639359178909e-06,0.705413902442457
"87",-2.14,0,0,1.08275261228454e-05,1.08275261228454e-05,0.705413902442457
"88",-2.13,0,0,1.25794683007069e-05,1.25794683007069e-05,0.705413902442457
"89",-2.12,0,0,1.46500380282361e-05,1.46500380282361e-05,0.705413902442457
"90",-2.11,0,0,1.69000533637078e-05,1.69000533637078e-05,0.705413902442457
"91",-2.1,0,0,1.9344041114519e-05,1.9344041114519e-05,0.705413902442457
"92",-2.09,0,0,2.17680739740055e-05,2.17680739740055e-05,0.705413902442457
"93",-2.08,0,0,2.46284584247665e-05,2.46284584247665e-05,0.705413902442457
"94",-2.07,0,0,2.77316380436541e-05,2.77316380436541e-05,0.705413902442457
"95",-2.06,0,0,3.08058800571749e-05,3.08058800571749e-05,0.705413902442457
"96",-2.05,0,0,3.44292649493268e-05,3.44292649493268e-05,0.705413902442457
"97",-2.04,0,0,3.8355406323977e-05,3.8355406323977e-05,0.705413902442457
"98",-2.03,0,0,4.26078182484739e-05,4.26078182484739e-05,0.705413902442457
"99",-2.02,0,0,4.68139592455423e-05,4.68139592455423e-05,0.705413902442457
"100",-2.01,0,0,5.1763627408063e-05,5.1763627408063e-05,0.705413902442457
"101",-2,0,0,5.71180720908613e-05,5.71180720908613e-05,0.705413902442457
"102",-1.99,0,0,6.29079674847734e-05,6.29079674847734e-05,0.705413902442457
"103",-1.98,0,0,6.86258675637062e-05,6.86258675637062e-05,0.705413902442457
"104",-1.97,0,0,7.53439398939262e-05,7.53439398939262e-05,0.705413902442457
"105",-1.96,0,0,8.25994828142276e-05,8.25994828142276e-05,0.705413902442457
"106",-1.95,0,0,8.97564230306253e-05,8.97564230306253e-05,0.705413902442457
"107",-1.94,0,0,9.81553933171938e-05,9.81553933171938e-05,0.705413902442457
"108",-1.93,0,0,0.000107215227392843,0.000107215227392843,0.705413902442457
"109",-1.92,0,0,0.000116983828409098,0.000116983828409098,0.705413902442457
"110",-1.91,0,0,0.000126604539286605,0.000126604539286605,0.705413902442457
"111",-1.9,0,0,0.000137877077148687,0.000137877077148687,0.705413902442457
"112",-1.89,0,0,0.000150016632776581,0.000150016632776581,0.705413902442457
"113",-1.88,0,0,0.000161958416197073,0.000161958416197073,0.705413902442457
"114",-1.87,0,0,0.000175934139435266,0.000175934139435266,0.705413902442457
"115",-1.86,0,0,0.000190966401469109,0.000190966401469109,0.705413902442457
"116",-1.85,0,0,0.00020712829763064,0.00020712829763064,0.705413902442457
"117",-1.84,0,0,0.000223001918506135,0.000223001918506135,0.705413902442457
"118",-1.83,0,0,0.000241549915456373,0.000241549915456373,0.705413902442457
"119",-1.82,0,0,0.000261467375260737,0.000261467375260737,0.705413902442457
"120",-1.81,0,0,0.000281006685556212,0.000281006685556212,0.705413902442457
"121",-1.8,0,0,0.000303811199725142,0.000303811199725142,0.705413902442457
"122",-1.79,0,0,0.000328269525026974,0.000328269525026974,0.705413902442457
"123",-1.78,0,0,0.000354490602774605,0.000354490602774605,0.705413902442457
"124",-1.77,0,0,0.000380173444884935,0.000380173444884935,0.705413902442457
"125",-1.76,0,0,0.000410100956964267,0.000410100956964267,0.705413902442457
"126",-1.75,0,0,0.000442146187113517,0.000442146187113517,0.705413902442457
"127",-1.74,0,0,0.000476444606317542,0.000476444606317542,0.705413902442457
"128",-1.73,0,0,0.000509986215579889,0.000509986215579889,0.705413902442457
"129",-1.72,0,0,0.000549009820140549,0.000549009820140549,0.705413902442457
"130",-1.71,0,0,0.000590726241954668,0.000590726241954668,0.705413902442457
"131",-1.7,0,0,0.000631474439105671,0.000631474439105671,0.705413902442457
"132",-1.69,0,0,0.00067882689405221,0.00067882689405221,0.705413902442457
"133",-1.68,0,0,0.000729385038517385,0.000729385038517385,0.705413902442457
"134",-1.67,0,0,0.000783343266937574,0.000783343266937574,0.705413902442457
"135",-1.66,0,0,0.000835966345461007,0.000835966345461007,0.705413902442457
"136",-1.65,0,0,0.000897022062108681,0.000897022062108681,0.705413902442457
"137",-1.64,0,0,0.000962104205577589,0.000962104205577589,0.705413902442457
"138",-1.63,0,0,0.00102550167953754,0.00102550167953754,0.705413902442457
"139",-1.62,0,0,0.00109897212450958,0.00109897212450958,0.705413902442457
"140",-1.61,0,0,0.00117719200423705,0.00117719200423705,0.705413902442457
"141",-1.6,0,0,0.00126043343691801,0.00126043343691801,0.705413902442457
"142",-1.59,0,0,0.0013413927557847,0.0013413927557847,0.705413902442457
"143",-1.58,0,0,0.00143506772737693,0.00143506772737693,0.705413902442457
"144",-1.57,0,0,0.00153463461496282,0.00153463461496282,0.705413902442457
"145",-1.56,0,0,0.00164041964695211,0.00164041964695211,0.705413902442457
"146",-1.55,0,0,0.00174314288452471,0.00174314288452471,0.705413902442457
"147",-1.54,0,0,0.00186181302241198,0.00186181302241198,0.705413902442457
"148",-1.53,0,0,0.00198774026569505,0.00198774026569505,0.705413902442457
"149",-1.52,0,0,0.00210987963650298,0.00210987963650298,0.705413902442457
"150",-1.51,0,0,0.0022508147121028,0.0022508147121028,0.705413902442457
"151",-1.5,0,0,0.00240018571637894,0.00240018571637894,0.705413902442457
"152",-1.49,0,0,0.00255843124150285,0.00255843124150285,0.705413902442457
"153",-1.48,0,0,0.00271167562652476,0.00271167562652476,0.705413902442457
"154",-1.47,0,0,0.00288822412812749,0.00288822412812749,0.705413902442457
"155",-1.46,0,0,0.0030750332727567,0.0030750332727567,0.705413902442457
"156",-1.45,0,0,0.00325572686405263,0.00325572686405263,0.705413902442457
"157",-1.44,5.59456053665543e-10,0.000164420438034905,0.00346365482819835,0.00329923439016344,0.705413902442457
"158",-1.43,1.1783820060055e-08,0.00102278036452547,0.00368339828704672,0.00266061792252125,0.705413902442457
"159",-1.42,2.42176233980966e-08,0.0015534366577306,0.00391553131684217,0.00236209465911158,0.705413902442457
"160",-1.41,3.79858082030847e-08,0.00201092233685483,0.00413971225429241,0.00212878991743758,0.705413902442457
"161",-1.4,5.40712816193097e-08,0.00245804456484044,0.00439727610585352,0.00193923154101308,0.705413902442457
"162",-1.39,7.10232835185149e-08,0.0028673110535535,0.00466902942264953,0.00180171836909602,0.705413902442457
"163",-1.38,8.9772196119143e-08,0.00327043843353655,0.00495563373774536,0.00168519530420881,0.705413902442457
"164",-1.37,1.10500397438625e-07,0.00367291746318546,0.00523198507702644,0.00155906761384098,0.705413902442457
"165",-1.36,1.34677982185126e-07,0.00410006570298161,0.00554898846029802,0.00144892275731641,0.705413902442457
"166",-1.35,1.60116712939601e-07,0.00451214726140024,0.00588290715009472,0.00137075988869448,0.705413902442457
"167",-1.34,1.88207465331421e-07,0.00493266736608116,0.00620450343980132,0.00127183607372016,0.705413902442457
"168",-1.33,2.19214607874108e-07,0.00536352092844165,0.00657297508336376,0.00120945415492211,0.705413902442457
"169",-1.32,2.55322919959966e-07,0.00583002451229735,0.00696063407417911,0.00113060956188177,0.705413902442457
"170",-1.31,2.93253115495434e-07,0.00628706971060881,0.00736830860394721,0.0010812388933384,0.705413902442457
"171",-1.3,3.35071365546965e-07,0.00675900827250735,0.00776032204807336,0.00100131377556601,0.705413902442457
"172",-1.29,3.8115822026833e-07,0.00724711564937256,0.00820876801679247,0.000961652367419909,0.705413902442457
"173",-1.28,4.31929571973543e-07,0.0077526100604648,0.00867979176207443,0.000927181701609623,0.705413902442457
"174",-1.27,4.90933938873856e-07,0.00830478829758589,0.00913219074170336,0.000827402444117466,0.705413902442457
"175",-1.26,5.52790181395195e-07,0.00884963472201054,0.00964910857833001,0.000799473856319463,0.705413902442457
"176",-1.25,6.20852633357569e-07,0.00941539229188283,0.0101913880373171,0.000775995745434261,0.705413902442457
"177",-1.24,6.9571474743595e-07,0.0100031855017473,0.0107600349936132,0.000756849491865864,0.705413902442457
"178",-1.23,7.82575119159348e-07,0.0106469530074342,0.011305338873383,0.000658385865948801,0.705413902442457
"179",-1.22,8.73486114256012e-07,0.0112834891855642,0.0119274309030573,0.000643941717493102,0.705413902442457
"180",-1.21,9.73360312890992e-07,0.0119454878464026,0.0125789740196389,0.000633486173236348,0.705413902442457
"181",-1.2,1.08303859640356e-06,0.0126340815278321,0.0132030399047063,0.000568958376874215,0.705413902442457
"182",-1.19,1.21008852303499e-06,0.0133889034287798,0.0139141506653215,0.000525247236541727,0.705413902442457
"183",-1.18,1.34284767952152e-06,0.0141356748360686,0.0146580167071625,0.000522341871093925,0.705413902442457
"184",-1.17,1.48846539763622e-06,0.0149125604388582,0.0154358206578963,0.000523260219038039,0.705413902442457
"185",-1.16,1.6481247632267e-06,0.015720737737598,0.0161796519630735,0.000458914225475476,0.705413902442457
"186",-1.15,1.82311145414891e-06,0.0165613978101319,0.0170258995354566,0.000464501725324713,0.705413902442457
"187",-1.14,2.02540350573764e-06,0.0174827203431199,0.0179096747270253,0.000426954383905383,0.705413902442457
"188",-1.13,2.23635875241135e-06,0.0183938470315478,0.0188322548757473,0.000438407844199462,0.705413902442457
"189",-1.12,2.4672903446358e-06,0.0193411804787618,0.0197131524696821,0.000371971990920317,0.705413902442457
"190",-1.11,2.71999125697723e-06,0.0203259699293596,0.0207137619152245,0.000387791985864871,0.705413902442457
"191",-1.1,3.01164987219339e-06,0.0214044445799408,0.0217570298429501,0.000352585263009297,0.705413902442457
"192",-1.09,3.31530571193506e-06,0.0224700916333189,0.0227519965648356,0.00028190493151669,0.705413902442457
"193",-1.08,3.6471906146965e-06,0.023577095633753,0.0238808524992295,0.000303756865476557,0.705413902442457
"194",-1.07,4.00978727332216e-06,0.0247267618598416,0.0250563960889556,0.000329634229113966,0.705413902442457
"195",-1.06,4.42760417691531e-06,0.0259844751556723,0.0262800451565089,0.000295570000836611,0.705413902442457
"196",-1.05,4.86190248809077e-06,0.0272258533277502,0.0274452078369421,0.000219354509191947,0.705413902442457
"197",-1.04,5.33582445649649e-06,0.0285139534967041,0.0287650826734024,0.000251129176698256,0.705413902442457
"198",-1.03,5.85278331531329e-06,0.0298501276729726,0.0301372903798148,0.000287162706842183,0.705413902442457
"199",-1.02,6.41646712946923e-06,0.0312357372944479,0.0314423816867418,0.000206644392293991,0.705413902442457
"200",-1.01,7.06468028294593e-06,0.0327491864420369,0.0329190327785799,0.000169846336542975,0.705413902442457
"201",-1,7.73710145716548e-06,0.0342405686614279,0.0344523568539237,0.000211788192495801,0.705413902442457
"202",-0.99,8.46942561815137e-06,0.0357855898670458,0.0360438616343729,0.000258271767327026,0.705413902442457
"203",-0.98,9.26667792749915e-06,0.0373856387696427,0.0375551451544308,0.000169506384788111,0.705413902442457
"204",-0.97,1.01819965362182e-05,0.0391308796352664,0.0392624032698616,0.000131523634595163,0.705413902442457
"205",-0.96,1.11299589480025e-05,0.0408482449213093,0.0410322764062619,0.000184031484952586,0.705413902442457
"206",-0.95,1.21607388446518e-05,0.0426248940187108,0.0428662919745693,0.00024139795585857,0.705413902442457
"207",-0.94,1.32811339523842e-05,0.0444622218686987,0.0446051253106367,0.000142903441938021,0.705413902442457
"208",-0.93,1.45653614076701e-05,0.0464633353735307,0.0465663504784938,0.000103015104963126,0.705413902442457
"209",-0.92,1.58932329089065e-05,0.0484295735348141,0.0485961694028946,0.000166595868080509,0.705413902442457
"210",-0.91,1.73348293900457e-05,0.0504607282062638,0.050518391500902,5.76632946381953e-05,0.705413902442457
"211",-0.9,1.88992798602096e-05,0.0525581752346921,0.0526839200241858,0.000125744789493724,0.705413902442457
"212",-0.89,2.05963913115959e-05,0.0547232814143327,0.0549224489302806,0.000199167515947882,0.705413902442457
"213",-0.88,2.25377295841388e-05,0.0570769252867777,0.0572354691750372,0.000158543888259512,0.705413902442457
"214",-0.87,2.45409866518737e-05,0.059385144776975,0.0594224381188002,3.72933418252078e-05,0.705413902442457
"215",-0.86,2.67115258284029e-05,0.0617651204860237,0.0618823482813927,0.000117227795368942,0.705413902442457
"216",-0.85,2.90623980018088e-05,0.0642181633576917,0.0644210105766036,0.000202847218911908,0.705413902442457
"217",-0.84,3.17472115500338e-05,0.0668806707846667,0.0668185150331663,-6.21557515003424e-05,0.705413902442457
"218",-0.83,3.45131648944421e-05,0.0694877191979273,0.0695120766634275,2.43574655001827e-05,0.705413902442457
"219",-0.82,3.7505351236006e-05,0.0721717120445263,0.072288473634903,0.000116761590376643,0.705413902442457
"220",-0.81,4.07410111111367e-05,0.0749338715866159,0.0751490538849989,0.000215182298382965,0.705413902442457
"221",-0.8,4.44302964937603e-05,0.077927167264087,0.0778463306572688,-8.0836606818166e-05,0.705413902442457
"222",-0.79,4.82249158112723e-05,0.0808534860468865,0.0808719154000986,1.84293532121266e-05,0.705413902442457
"223",-0.78,5.23234148721413e-05,0.0838615252949474,0.0839854296255312,0.000123904330583832,0.705413902442457
"224",-0.77,5.67484009409818e-05,0.0869523836660026,0.0871880857930987,0.000235702127096074,0.705413902442457
"225",-0.76,6.15240171414427e-05,0.0901271237962942,0.0902031638723221,7.60400760278779e-05,0.705413902442457
"226",-0.75,6.69581337084805e-05,0.0935607012350675,0.0935799122748663,1.92110397987805e-05,0.705413902442457
"227",-0.74,7.25361045552692e-05,0.0969107846705308,0.0970490945888494,0.000138309918318563,0.705413902442457
"228",-0.73,7.85488961126975e-05,0.100347747908732,0.10031126502464,-3.64828840918457e-05,0.705413902442457
"229",-0.72,8.50278740098214e-05,0.103872485030877,0.103960465158742,8.79801278651365e-05,0.705413902442457
"230",-0.71,9.23882555294827e-05,0.107678489932236,0.107704975736136,2.64858038996896e-05,0.705413902442457
"231",-0.7,9.99312334550137e-05,0.111385993718635,0.11154567560025,0.000159681881615109,0.705413902442457
"232",-0.69,0.000108049355685273,0.115183699972522,0.115151517968887,-3.21820036347648e-05,0.705413902442457
"233",-0.68,0.000116783065869819,0.119072298434348,0.119178819340862,0.000106520906513849,0.705413902442457
"234",-0.67,0.000126688805500731,0.123264449855673,0.123304526487249,4.00766315756806e-05,0.705413902442457
"235",-0.66,0.000136823825963654,0.1273415391522,0.127173413270711,-0.00016812588148965,0.705413902442457
"236",-0.65,0.00014771438615768,0.131511272579979,0.13148944201829,-2.18305616893621e-05,0.705413902442457
"237",-0.64,0.000159412241618343,0.135774101362947,0.135905528349896,0.000131426986948652,0.705413902442457
"238",-0.63,0.000172658361981878,0.14036228842777,0.1404220979808,5.980955303031e-05,0.705413902442457
"239",-0.62,0.000186189104179699,0.144817349258258,0.144650859073198,-0.000166490185060764,0.705413902442457
"240",-0.61,0.000200705541728694,0.149366480445716,0.149360934293538,-5.54615217809862e-06,0.705413902442457
"241",-0.6,0.000216273401889372,0.154009863464876,0.154172295441628,0.000162431976751393,0.705413902442457
"242",-0.59,0.000232962321967643,0.1587476088898,0.158671788984918,-7.58199048820907e-05,0.705413902442457
"243",-0.58,0.000251821852531396,0.163836692922513,0.163677540196501,-0.00015915272601183,0.705413902442457
"244",-0.57,0.000271047681600621,0.168768167653236,0.168784686910957,1.651925772167e-05,0.705413902442457
"245",-0.56,0.000291633436105702,0.173793887850125,0.173993098971878,0.000199211121753307,0.705413902442457
"246",-0.55,0.000313666705424922,0.178913661549088,0.178856250492549,-5.7411056539225e-05,0.705413902442457
"247",-0.54,0.000338525262861726,0.184404208211398,0.184258067173619,-0.000146141037779129,0.705413902442457
"248",-0.53,0.000363825541257951,0.189716106527136,0.189760259950086,4.4153422950638e-05,0.705413902442457
"249",-0.52,0.000390872588102753,0.195120985569001,0.195362344922528,0.000241359353527842,0.705413902442457
"250",-0.51,0.00041977571619522,0.200618331017468,0.200584850717875,-3.34802995929639e-05,0.705413902442457
"251",-0.5,0.000452332100992688,0.206504248389557,0.206376701963578,-0.000127546425978536,0.705413902442457
"252",-0.49,0.000485413260225759,0.212189434992637,0.212266497894762,7.70629021244751e-05,0.705413902442457
"253",-0.48,0.00052072247939068,0.217965009253458,0.2177507914188,-0.000214217834657748,0.705413902442457
"254",-0.47,0.000558395110124074,0.223830121683481,0.22382584518994,-4.27649354070581e-06,0.705413902442457
"255",-0.46,0.000598573656928606,0.229783839016834,0.229996083440958,0.000212244424124486,0.705413902442457
"256",-0.45,0.00064373904928241,0.236145513216239,0.236260370775017,0.000114857558777715,0.705413902442457
"257",-0.44,0.000689539691786557,0.242277824535777,0.242084203053955,-0.000193621481821865,0.705413902442457
"258",-0.43,0.000738328728801465,0.248495372515111,0.248525224573206,2.98520580951922e-05,0.705413902442457
"259",-0.42,0.00079028085941793,0.25479688394944,0.255056431525468,0.00025954757602803,0.705413902442457
"260",-0.41,0.000848586328448582,0.261519269922261,0.261121306025905,-0.000397963896355769,0.705413902442457
"261",-0.4,0.000907615980566232,0.267988786444969,0.267821057559856,-0.000167728885113128,0.705413902442457
"262",-0.39,0.000970397777262041,0.27453786671081,0.274606315329126,6.84486183158972e-05,0.705413902442457
"263",-0.38,0.00103714415437749,0.281164903526583,0.281475290300691,0.000310386774108218,0.705413902442457
"264",-0.37,0.00111193148040627,0.288223094380719,0.287843788440134,-0.000379305940585606,0.705413902442457
"265",-0.36,0.00118752491423235,0.295004772655108,0.294867883605723,-0.000136889049384969,0.705413902442457
"266",-0.35,0.00126779623904623,0.301859008239774,0.30196995328457,0.000110945044795474,0.705413902442457
"267",-0.34,0.00135300166052158,0.308783874958185,0.309147853218238,0.000363978260053577,0.705413902442457
"268",-0.33,0.0014434091623044,0.315777371276562,0.315792305632514,1.49343559521786e-05,0.705413902442457
"269",-0.32,0.00154450308601975,0.323210806742808,0.323109238225407,-0.000101568517400563,0.705413902442457
"270",-0.31,0.00164648010624068,0.330338593370936,0.330495258301754,0.000156664930817951,0.705413902442457
"271",-0.3,0.00175455428814664,0.337528450869682,0.337324357665728,-0.000204093203953537,0.705413902442457
"272",-0.29,0.00186904546960287,0.344778090025465,0.344835816814699,5.77267892336586e-05,0.705413902442457
"273",-0.28,0.00199686199896333,0.352471283258591,0.352408934370249,-6.23488883421119e-05,0.705413902442457
"274",-0.27,0.0021255859617544,0.359836183428187,0.360041016157814,0.000204832729627236,0.705413902442457
"275",-0.26,0.00226179059491168,0.367253478705166,0.367086529474626,-0.000166949230539726,0.705413902442457
"276",-0.25,0.00240585437358869,0.374720626879643,0.374823840288372,0.000103213408728819,0.705413902442457
"277",-0.24,0.00256642429506946,0.382631783390342,0.382611864976042,-1.99184142996578e-05,0.705413902442457
"278",-0.23,0.00272787192765741,0.390193061736185,0.389792917045013,-0.000400144691171611,0.705413902442457
"279",-0.22,0.00289843185465726,0.397796096480154,0.39766983856152,-0.000126257918634132,0.705413902442457
"280",-0.21,0.00307854804935853,0.405438134751271,0.405588700177928,0.000150565426656424,0.705413902442457
"281",-0.2,0.00326868169081101,0.41311637898724,0.413546388364758,0.000430009377517915,0.705413902442457
"282",-0.19,0.00348017112503052,0.421234734174124,0.420872344655642,-0.000362389518481721,0.705413902442457
"283",-0.18,0.00369238673126977,0.428978358587618,0.428895576057497,-8.27825301217278e-05,0.705413902442457
"284",-0.17,0.00391613821345321,0.436749404950901,0.436948293139396,0.000198888188495783,0.705413902442457
"285",-0.16,0.0041519605642863,0.44454492676688,0.445027216589167,0.000482289822287207,0.705413902442457
"286",-0.15,0.00441384464839056,0.45277391014201,0.452453089838372,-0.000320820303638447,0.705413902442457
"287",-0.14,0.00467620175467691,0.460610323165159,0.460572960187824,-3.73629773344208e-05,0.705413902442457
"288",-0.13,0.00495238305823767,0.46846205556453,0.468709300510556,0.000247244946026959,0.705413902442457
"289",-0.12,0.00524300350049778,0.476326066815624,0.476179191167461,-0.000146875648162903,0.705413902442457
"290",-0.11,0.00556521774896242,0.484613880265686,0.484337626564425,-0.000276253701260665,0.705413902442457
"291",-0.1,0.00588749046719644,0.492493512756549,0.492502620165634,9.10740908555141e-06,0.705413902442457
"292",-0.09,0.00622620811586241,0.500376068685372,0.500670752162631,0.00029468347725925,0.705413902442457
"293",-0.08,0.00658207088244862,0.50825847138718,0.508158039370344,-0.000100432016835739,0.705413902442457
"294",-0.07,0.0069558006724794,0.516137644356465,0.516322616986894,0.000184972630428715,0.705413902442457
"295",-0.06,0.00736932080145006,0.524424643729771,0.524480351728052,5.57079982814734e-05,0.705413902442457
"296",-0.05,0.00778207982186823,0.532287568596067,0.531949350786956,-0.000338217809110697,0.705413902442457
"297",-0.04,0.00821504616612362,0.54013791076795,0.540084447598492,-5.34631694574239e-05,0.705413902442457
"298",-0.03,0.00866903183701812,0.547972631161479,0.54820279332478,0.000230162163300851,0.705413902442457
"299",-0.02,0.00917053715920756,0.556199508054667,0.556301026687953,0.000101518633286335,0.705413902442457
"300",-0.01,0.00967030754342862,0.563992722339533,0.563703889339714,-0.000288832999819411,0.705413902442457
"301",0,0.0101937162264964,0.571761165063695,0.571754274053471,-6.89101022388616e-06,0.705413902442457
"302",0.01,0.0107416672854385,0.57950189239687,0.579774901412164,0.00027300901529459,0.705413902442457
"303",0.02,0.0113459910101788,0.587616884264553,0.587098234761692,-0.000518649502860513,0.705413902442457
"304",0.03,0.011947247333731,0.595291638662793,0.595052807513803,-0.000238831148990482,0.705413902442457
"305",0.04,0.0125759465282693,0.602929903551784,0.602968292354262,3.83888024770851e-05,0.705413902442457
"306",0.05,0.0132330845441241,0.610528885160771,0.610841579911404,0.000312694750632669,0.705413902442457
"307",0.06,0.0139196796786418,0.618085834667151,0.618019078724913,-6.67559422384834e-05,0.705413902442457
"308",0.07,0.0146753789277531,0.625992141378023,0.625802989228766,-0.000189152149257188,0.705413902442457
"309",0.08,0.0154257223527402,0.633454408512732,0.633535942484581,8.15339718486241e-05,0.705413902442457
"310",0.09,0.0162087671533037,0.640866560891073,0.641215052060907,0.000348491169834597,0.705413902442457
"311",0.1,0.0170256195361364,0.648226061289919,0.648204524827057,-2.15364628620707e-05,0.705413902442457
"312",0.11,0.0179232267707538,0.655913298754859,0.655772606090223,-0.000140692664636455,0.705413902442457
"313",0.12,0.0188130268808654,0.663157027346833,0.663278807708249,0.00012178036141508,0.705413902442457
"314",0.13,0.0197401380746711,0.67034073383878,0.67010289864263,-0.000237835196149838,0.705413902442457
"315",0.14,0.020705747809545,0.677462134751184,0.67748325477418,2.11200229962571e-05,0.705413902442457
"316",0.15,0.0217650964270894,0.68488860131958,0.684794320976414,-9.42803431659422e-05,0.705413902442457
"317",0.16,0.0228135278418401,0.691875248741175,0.692033712134207,0.000158463393031272,0.705413902442457
"318",0.17,0.0239041949993663,0.698793050235137,0.698604888630876,-0.000188161604261161,0.705413902442457
"319",0.18,0.0250383564640153,0.70564001052783,0.70570054112216,6.05305943306433e-05,0.705413902442457
"320",0.19,0.0262172863571219,0.712414209795837,0.71271804438608,0.000303834590243413,0.705413902442457
"321",0.2,0.0275080469077481,0.71946431500269,0.719080352830361,-0.000383962172329166,0.705413902442457
"322",0.21,0.0287829226077144,0.726083474877304,0.725942421969081,-0.000141052908222972,0.705413902442457
"323",0.22,0.0301065426523112,0.732624494296434,0.732720621263225,9.61269667909548e-05,0.705413902442457
"324",0.23,0.0314802343350928,0.739085772638427,0.739413169454987,0.000327396816559133,0.705413902442457
"325",0.24,0.0329817902157079,0.745799302501521,0.745471320340168,-0.000327982161352769,0.705413902442457
"326",0.25,0.0344624614773064,0.752092232382191,0.751995068311871,-9.71640703192334e-05,0.705413902442457
"327",0.26,0.035997315158225,0.758301041550366,0.758428509083122,0.000127467532756054,0.705413902442457
"328",0.27,0.0375877129136772,0.764424463327331,0.76477023353526,0.000345770207928697,0.705413902442457
"329",0.28,0.0393233244212907,0.770776624388408,0.770501787859623,-0.000274836528784461,0.705413902442457
"330",0.29,0.041032019811233,0.776721162986707,0.776664136102071,-5.70268846359356e-05,0.705413902442457
"331",0.3,0.0428004414535052,0.782576965474186,0.782731209614737,0.000154244140550097,0.705413902442457
"332",0.31,0.0446299626098984,0.788343104793347,0.788208115495579,-0.000134989297768451,0.705413902442457
"333",0.32,0.0465219554647318,0.794018737543303,0.794089780669337,7.10431260336764e-05,0.705413902442457
"334",0.33,0.0485825224323444,0.799894476302663,0.799873434306055,-2.10419966081288e-05,0.705413902442457
"335",0.34,0.0506070321181746,0.805382042288199,0.805558325859041,0.000176283570842317,0.705413902442457
"336",0.35,0.0526981779198419,0.810777040617291,0.810682155057254,-9.48855600361176e-05,0.705413902442457
"337",0.36,0.0548573100040979,0.816078962397017,0.816176000362137,9.70379651197284e-05,0.705413902442457
"338",0.37,0.0572050014142646,0.821558909657887,0.821569433424555,1.05237666682134e-05,0.705413902442457
"339",0.38,0.0595078696690406,0.826668526244393,0.826424874726358,-0.000243651518035071,0.705413902442457
"340",0.39,0.0618827754747281,0.831684008729838,0.831624855124713,-5.91536051254282e-05,0.705413902442457
"341",0.4,0.0643310162483333,0.8366051696414,0.836723555978119,0.000118386336718901,0.705413902442457
"342",0.41,0.0669887440207939,0.84168331943395,0.841720854420128,3.75349861784224e-05,0.705413902442457
"343",0.42,0.0695915004245043,0.846410607716862,0.846212599634688,-0.000198008082174073,0.705413902442457
"344",0.43,0.0722714317211225,0.851043469439671,0.851015514643475,-2.79547961961057e-05,0.705413902442457
"345",0.44,0.0750297491177816,0.855582018460427,0.85571715726722,0.000135138806792501,0.705413902442457
"346",0.45,0.0778676371579938,0.860026439198423,0.859938206106608,-8.82330918148266e-05,0.705413902442457
"347",0.46,0.0809421204712611,0.864603366426949,0.864446387697369,-0.000156978729579871,0.705413902442457
"348",0.47,0.0839469243299868,0.868855443917236,0.868854118611376,-1.32530585916779e-06,0.705413902442457
"349",0.48,0.0870347270612752,0.873014374843278,0.873161830756692,0.000147455913413586,0.705413902442457
"350",0.49,0.0902065826560926,0.877080611828552,0.877023133217657,-5.74786108947789e-05,0.705413902442457
"351",0.5,0.0936372995382755,0.881261287020509,0.881140614774363,-0.000120672246145981,0.705413902442457
"352",0.51,0.0969848242569673,0.885138933505258,0.885159746336585,2.0812831327266e-05,0.705413902442457
"353",0.52,0.100419375908385,0.888925639555138,0.889081232721342,0.000155593166203727,0.705413902442457
"354",0.53,0.103941841444369,0.892622094489793,0.892590805298271,-3.12891915215108e-05,0.705413902442457
"355",0.54,0.107745598976204,0.896416415453209,0.896327338975198,-8.90764780107078e-05,0.705413902442457
"356",0.55,0.11145109757509,0.899930000443115,0.899968638032504,3.86375893888236e-05,0.705413902442457
"357",0.56,0.115246918831487,0.903355758491879,0.903223636349157,-0.000132122142722069,0.705413902442457
"358",0.57,0.119133746582362,0.906694581150681,0.906685075563079,-9.50558760226539e-06,0.705413902442457
"359",0.58,0.123112209159981,0.909947404354264,0.910054169469579,0.000106765115315155,0.705413902442457
"360",0.59,0.127399687153738,0.913279596577422,0.913332007213676,5.24106362544963e-05,0.705413902442457
"361",0.6,0.131567964916491,0.916359002817155,0.916257494489469,-0.000101508327686073,0.705413902442457
"362",0.61,0.135829430972312,0.919355518075651,0.919363634401256,8.11632560582254e-06,0.705413902442457
"363",0.62,0.140184468048585,0.922270235406025,0.922381947639903,0.000111712233878514,0.705413902442457
"364",0.63,0.144870153220617,0.925251228430732,0.925072651818821,-0.000178576611910453,0.705413902442457
"365",0.64,0.14941817720097,0.928001607080686,0.927926166045645,-7.54410350414236e-05,0.705413902442457
"366",0.65,0.154060528147761,0.930673720195227,0.930695608182536,2.18879873091771e-05,0.705413902442457
"367",0.66,0.158797312708684,0.93326878155143,0.9333823286141,0.000113547062669306,0.705413902442457
"368",0.67,0.163885458103839,0.935918544884209,0.935773663709073,-0.000144881175135669,0.705413902442457
"369",0.68,0.168816106530858,0.938359350498655,0.938305708670053,-5.36418286019025e-05,0.705413902442457
"370",0.69,0.173841060644541,0.940726950797642,0.940759121061079,3.2170263437159e-05,0.705413902442457
"371",0.7,0.178960125182198,0.943022644908842,0.943135346409531,0.00011270150068865,0.705413902442457
"372",0.71,0.184173027064619,0.945247747788385,0.945246996149723,-7.51638661533605e-07,0.705413902442457
"373",0.72,0.189761279610205,0.947515160241302,0.947479384569676,-3.57756716260482e-05,0.705413902442457
"374",0.73,0.195165604238015,0.949599541383909,0.949638897406933,3.93560230241841e-05,0.705413902442457
"375",0.74,0.200662440160358,0.951617422663824,0.951555715499788,-6.17071640363065e-05,0.705413902442457
"376",0.75,0.206251188581734,0.953570163141698,0.953579760193174,9.59705147596246e-06,0.705413902442457
"377",0.76,0.212232627717123,0.955556806551532,0.95553533793719,-2.14686143417131e-05,0.705413902442457
"378",0.77,0.218007813411547,0.957380118952274,0.957423972802635,4.38538503607644e-05,0.705413902442457
"379",0.78,0.223872571987776,0.959142469928044,0.959097718158176,-4.47517698685118e-05,0.705413902442457
"380",0.79,0.229825967917629,0.960845232762207,0.960862315059563,1.70822973560858e-05,0.705413902442457
"381",0.8,0.236187336467806,0.962574748525504,0.962564424137691,-1.03243878128989e-05,0.705413902442457
"382",0.81,0.242319386280853,0.964159496612977,0.964071099202922,-8.83974100549523e-05,0.705413902442457
"383",0.82,0.248536698838347,0.965688837837772,0.965657697810641,-3.11400271306717e-05,0.705413902442457
"384",0.83,0.254837999015108,0.967164133264241,0.967186241665957,2.21084017164586e-05,0.705413902442457
"385",0.84,0.261560186690506,0.968660177165769,0.968658237791975,-1.93937379400211e-06,0.705413902442457
"386",0.85,0.268029535857687,0.970028771024272,0.969959171374931,-6.95996493405016e-05,0.705413902442457
"387",0.86,0.274578467527603,0.971347427243565,0.971326961769035,-2.04654745304955e-05,0.705413902442457
"388",0.87,0.281205372877001,0.972617472010656,0.972642541797219,2.50697865626925e-05,0.705413902442457
"389",0.88,0.287908562691436,0.973840219874615,0.973907374025686,6.71541510707252e-05,0.705413902442457
"390",0.89,0.295045019266274,0.975077657400765,0.97502345989691,-5.41975038553799e-05,0.705413902442457
"391",0.9,0.301899166257766,0.976207385624331,0.976195058936369,-1.23266879616946e-05,0.705413902442457
"392",0.91,0.30882395554969,0.977293746864161,0.97732008767655,2.63408123887254e-05,0.705413902442457
"393",0.92,0.315817384284975,0.978337998073254,0.97831164791535,-2.6350157904087e-05,0.705413902442457
"394",0.93,0.323250757851667,0.979393080422539,0.979351309201301,-4.17712212373855e-05,0.705413902442457
"395",0.94,0.330378493186056,0.98035476260345,0.980348424642044,-6.33796140603327e-06,0.705413902442457
"396",0.95,0.337568305527294,0.981278066553794,0.981304334498092,2.62679442977198e-05,0.705413902442457
"397",0.96,0.344817904550884,0.982164177822808,0.982145513896905,-1.86639259038834e-05,0.705413902442457
"398",0.97,0.35251105980159,0.983058027817399,0.983026113319237,-3.19144981618669e-05,0.705413902442457
"399",0.98,0.359875926878195,0.983871428173469,0.983869290516692,-2.13765677659072e-06,0.705413902442457
"400",0.99,0.367293190991884,0.984651133182153,0.984610398207736,-4.07349744165897e-05,0.705413902442457
"401",1,0.374760309011323,0.98539824693553,0.985385328220394,-1.2918715136756e-05,0.705413902442457
"402",1.01,0.382274681660466,0.986113852287246,0.986126419831277,1.25675440312278e-05,0.705413902442457
"403",1.02,0.390232681462579,0.986834247849186,0.986834853579376,6.05730190561538e-07,0.705413902442457
"404",1.03,0.397835683880278,0.987488478900646,0.987456549308523,-3.19295921222817e-05,0.705413902442457
"405",1.04,0.405477687536828,0.988114372343032,0.988105596195683,-8.77614734884347e-06,0.705413902442457
"406",1.05,0.413155894159584,0.988712921868877,0.988725283180741,1.23613118643284e-05,0.705413902442457
"407",1.06,0.421274205776627,0.989314500738204,0.989268460685411,-4.60400527934057e-05,0.705413902442457
"408",1.07,0.429017784360427,0.989859940984946,0.989834871290185,-2.50696947615703e-05,0.705413902442457
"409",1.08,0.436788779964695,0.990380930843941,0.990374999224316,-5.93161962503252e-06,0.705413902442457
"410",1.09,0.444584245535016,0.990878372099364,0.990889848172596,1.14760732319308e-05,0.705413902442457
"411",1.1,0.452813163204026,0.991377520088306,0.991340421395354,-3.70986929516537e-05,0.705413902442457
"412",1.11,0.460649507124156,0.991829353566072,0.991809528523743,-1.98250423294466e-05,0.705413902442457
"413",1.12,0.468501163450998,0.992260250433374,0.992256134142583,-4.11629079088982e-06,0.705413902442457
"414",1.13,0.47636509124339,0.992671020424565,0.992681139360301,1.0118935735659e-05,0.705413902442457
"415",1.14,0.48423823521969,0.993062450797869,0.993052500060949,-9.95073692033888e-06,0.705413902442457
"416",1.15,0.492532341145614,0.993454430116013,0.993438528824553,-1.59012914600076e-05,0.705413902442457
"417",1.16,0.500414788830623,0.993808535558482,0.993805438111053,-3.09744742854612e-06,0.705413902442457
"418",1.17,0.508297074543972,0.99414556730806,0.99412566007091,-1.9907237150063e-05,0.705413902442457
"419",1.18,0.516176121522976,0.994466223380864,0.994458140647668,-8.08273319619079e-06,0.705413902442457
"420",1.19,0.524462978300133,0.994786808356663,0.994773767741335,-1.30406153286966e-05,0.705413902442457
"421",1.2,0.532325758017215,0.99507594761656,0.995073270069108,-2.67754745220117e-06,0.705413902442457
"422",1.21,0.540175945432821,0.99535071053412,0.995334250963091,-1.6459571028582e-05,0.705413902442457
"423",1.22,0.548010501321361,0.995611709997739,0.995604796876924,-6.91312081557705e-06,0.705413902442457
"424",1.23,0.556237194393689,0.995872228387701,0.995861207411303,-1.10209763972691e-05,0.705413902442457
"425",1.24,0.564030223831948,0.996106811490611,0.996084377035703,-2.24344549085709e-05,0.705413902442457
"426",1.25,0.57179847169126,0.996329378413722,0.996315455148477,-1.3923265245297e-05,0.705413902442457
"427",1.26,0.579538994104034,0.996540462240313,0.996534192352112,-6.26988820096042e-06,0.705413902442457
"428",1.27,0.587248879316038,0.99674057728334,0.996741160936055,5.83652715491212e-07,0.705413902442457
"429",1.28,0.595328288209635,0.996939919669761,0.996921014780243,-1.89048895175015e-05,0.705413902442457
"430",1.29,0.602966317497455,0.997119053793173,0.997106949536157,-1.21042570165875e-05,0.705413902442457
"431",1.3,0.610565053536452,0.99728867709028,0.997282665536592,-6.01155368840089e-06,0.705413902442457
"432",1.31,0.618121747580425,0.997449231825934,0.997448654789327,-5.77036607829484e-07,0.705413902442457
"433",1.32,0.626027774802952,0.997608907270162,0.997592670983074,-1.62362870881338e-05,0.705413902442457
"434",1.33,0.633489766494068,0.997752162742913,0.997741322491671,-1.08402512415395e-05,0.705413902442457
"435",1.34,0.640901633891785,0.997887597845552,0.997881573806146,-6.02403940663798e-06,0.705413902442457
"436",1.35,0.648260839926812,0.998015589514345,0.998003116532434,-1.24729819109826e-05,0.705413902442457
"437",1.36,0.655947757586336,0.998142673790993,0.998128424435615,-1.42493553787482e-05,0.705413902442457
"438",1.37,0.663191173107935,0.998256504468323,0.998246506800146,-9.99766817655345e-06,0.705413902442457
"439",1.38,0.670374557718706,0.998363950945336,0.998357733627124,-6.21731821237592e-06,0.705413902442457
"440",1.39,0.677495628157625,0.998465331691162,0.998453971854818,-1.13598363438161e-05,0.705413902442457
"441",1.4,0.684552169407757,0.998560951798043,0.998553035492646,-7.9163053970932e-06,0.705413902442457
"442",1.41,0.691908037886313,0.998655702084164,0.998646233738463,-9.46834570092481e-06,0.705413902442457
"443",1.42,0.698825484170214,0.998740399140794,0.998726778344362,-1.3620796432634e-05,0.705413902442457
"444",1.43,0.705672081680512,0.998820188405151,0.998809590603707,-1.05978014437458e-05,0.705413902442457
"445",1.44,0.712445910874579,0.998895324919729,0.998887404481481,-7.9204382472664e-06,0.705413902442457
"446",1.45,0.719495618972312,0.998969657204005,0.998960491023131,-9.16618087365428e-06,0.705413902442457
"447",1.46,0.726114394726868,0.999035994788669,0.999023555114509,-1.24396741599808e-05,0.705413902442457
"448",1.47,0.732655023649452,0.99909838962346,0.99908829285079,-1.00967726692769e-05,0.705413902442457
"449",1.48,0.739115905434436,0.999157053136197,0.999149023345906,-8.02979029046469e-06,0.705413902442457
"450",1.49,0.745829011676649,0.999214994623263,0.999205970767228,-9.02385603507305e-06,0.705413902442457
"451",1.5,0.752121533578035,0.999266620351511,0.999255031585366,-1.158876614471e-05,0.705413902442457
"452",1.51,0.758329929709397,0.999315100954925,0.999305315301003,-9.78565392184549e-06,0.705413902442457
"453",1.52,0.764452933730472,0.999360610268362,0.999352409082248,-8.20118611366549e-06,0.705413902442457
"454",1.53,0.770489362925316,0.999403313721232,0.999392933324936,-1.03803962958615e-05,0.705413902442457
"455",1.54,0.776748762557208,0.999445406324891,0.999434419083156,-1.09872417358714e-05,0.705413902442457
"456",1.55,0.782604135010617,0.999482834839663,0.999473225557805,-9.60928185844701e-06,0.705413902442457
"457",1.56,0.788369840977825,0.999517913879898,0.999509510570509,-8.40330938856049e-06,0.705413902442457
"458",1.57,0.794045037407358,0.999550778094101,0.999540684718304,-1.0093375797493e-05,0.705413902442457
"459",1.58,0.799920314059299,0.999583119672487,0.99957254839969,-1.05712727976881e-05,0.705413902442457
"460",1.59,0.805407438725483,0.999611830940378,0.999602305321095,-9.52561928280193e-06,0.705413902442457
"461",1.6,0.810801993831028,0.999638697392667,0.999627840911919,-1.08564807482781e-05,0.705413902442457
"462",1.61,0.816103470828703,0.999663827752867,0.999653910780421,-9.91697244590029e-06,0.705413902442457
"463",1.62,0.821582948591476,0.999688518364184,0.999678227212214,-1.02911519701543e-05,0.705413902442457
"464",1.63,0.826692118268776,0.999710401892719,0.999700898635293,-9.50325742665736e-06,0.705413902442457
"465",1.64,0.831707153323986,0.999730846941064,0.999720323259797,-1.05236812665277e-05,0.705413902442457
"466",1.65,0.836627866616418,0.999749940609447,0.999740123151994,-9.8174574532095e-06,0.705413902442457
"467",1.66,0.841454147469115,0.999767765261083,0.999758561020761,-9.20424032146983e-06,0.705413902442457
"468",1.67,0.846432386682909,0.999785242605541,0.999774339863662,-1.0902741878871e-05,0.705413902442457
"469",1.68,0.851064802212848,0.999800701597228,0.999790404723287,-1.02968739410514e-05,0.705413902442457
"470",1.69,0.855602906144759,0.999815115953081,0.999805346209136,-9.76974394528707e-06,0.705413902442457
"471",1.7,0.860046883201554,0.999828551017615,0.999819237051069,-9.31396654635375e-06,0.705413902442457
"472",1.71,0.864623345243997,0.999841702943262,0.999831105908493,-1.05970347693551e-05,0.705413902442457
"473",1.72,0.868874982863932,0.999853317145605,0.999843170926833,-1.01462187724888e-05,0.705413902442457
"474",1.73,0.873033476209692,0.999864129401266,0.999854373859531,-9.75554173465731e-06,0.705413902442457
"475",1.74,0.877099278178102,0.999874191154594,0.999864771945321,-9.41920927344242e-06,0.705413902442457
"476",1.75,0.881279498518197,0.999884024888613,0.999873642476668,-1.03824119450646e-05,0.705413902442457
"477",1.76,0.885156716068943,0.999892694763217,0.999882645451059,-1.00493121585332e-05,0.705413902442457
"478",1.77,0.888942996530423,0.999900753232912,0.999890991417673,-9.76181523937303e-06,0.705413902442457
"479",1.78,0.892639029460567,0.999908240490586,0.999898102953984,-1.01375366015066e-05,0.705413902442457
"480",1.79,0.896245557597508,0.999915194310253,0.999905312226342,-9.88208391095036e-06,0.705413902442457
"481",1.8,0.899946081381424,0.999921976805869,0.999911987222502,-9.98958336739797e-06,0.705413902442457
"482",1.81,0.903371429743213,0.999927944465614,0.999918164946995,-9.77951861957926e-06,0.705413902442457
"483",1.82,0.906709847168814,0.999933480351115,0.999923420654567,-1.00596965483257e-05,0.705413902442457
"484",1.83,0.909962269783313,0.999938613697692,0.99992874022456,-9.87347313219367e-06,0.705413902442457
"485",1.84,0.913294045549258,0.99994361245337,0.99993365748264,-9.9549707305302e-06,0.705413902442457
"486",1.85,0.916373061287347,0.999948003527174,0.999937835942065,-1.01675851090777e-05,0.705413902442457
"487",1.86,0.919369191208526,0.999952070456505,0.999942060226619,-1.00102298858928e-05,0.705413902442457
"488",1.87,0.922283528516303,0.999955835699051,0.99994596026247,-9.87543658126366e-06,0.705413902442457
"489",1.88,0.925264127413217,0.999959496275807,0.99994955942917,-9.93684663730399e-06,0.705413902442457
"490",1.89,0.928014137379161,0.999962706627629,0.999952613021031,-1.00936065979829e-05,0.705413902442457
"491",1.9,0.930685887522595,0.999965675293797,0.99995569525304,-9.98004075669634e-06,0.705413902442457
"492",1.91,0.933280591731264,0.999968419397619,0.999958536229583,-9.8831680367395e-06,0.705413902442457
"493",1.92,0.935799488169804,0.999970954935813,0.999961153736863,-9.80119894999909e-06,0.705413902442457
"494",1.93,0.938370446248292,0.999973415009216,0.9999633709771,-1.00440321157969e-05,0.705413902442457
"495",1.94,0.940737707761887,0.999975568144474,0.999965605498221,-9.96264625285903e-06,0.705413902442457
"496",1.95,0.943033069262475,0.999977555260993,0.999967661737607,-9.89352338631733e-06,0.705413902442457
"497",1.96,0.945257845769508,0.999979388443893,0.999969401496337,-9.98694755593998e-06,0.705413902442457
"498",1.97,0.947524921471314,0.99998116418221,0.999971152763524,-1.00114186858402e-05,0.705413902442457
"499",1.98,0.949608989206763,0.999982715841903,0.999972762336156,-9.95350574695131e-06,0.705413902442457
"500",1.99,0.951626563456508,0.999984145595988,0.999974241058639,-9.90453734861507e-06,0.705413902442457
"501",2,0.953579003309524,0.999985462507688,0.999975490217938,-9.97228974974895e-06,0.705413902442457
"502",2.01,0.955565337214102,0.999986736084361,0.999976745665607,-9.99041875371365e-06,0.705413902442457
"503",2.02,0.957388362192351,0.999987847142705,0.999977897642243,-9.94950046240284e-06,0.705413902442457
"504",2.03,0.959150432188119,0.999988869292581,0.999978869640078,-9.99965250292334e-06,0.705413902442457
"505",2.04,0.960852920481591,0.999989809281508,0.999979845388327,-9.96389318097535e-06,0.705413902442457
"506",2.05,0.962497199646284,0.999990673376204,0.999980076327838,-1.05970483651463e-05,0.705413902442457
"507",2.06,0.964166640924095,0.999991507347631,0.999980076327838,-1.14310197923961e-05,0.705413902442457
"508",2.07,0.965695727172027,0.999992233425236,0.999980076327838,-1.21570973978802e-05,0.705413902442457
"509",2.08,0.967170773977295,0.999992900084701,0.999980076327838,-1.28237568624012e-05,0.705413902442457
"510",2.09,0.968593135716109,0.999993511949544,0.999980076327838,-1.34356217057485e-05,0.705413902442457
"511",2.1,0.970034921159464,0.999994101526675,0.999980076327838,-1.40251988368645e-05,0.705413902442457
"512",2.11,0.97135334790705,0.99999461399466,0.999980076327838,-1.4537666821246e-05,0.705413902442457
"513",2.12,0.972623169373959,0.99999508378123,0.999980076327838,-1.50074533914468e-05,0.705413902442457
"514",2.13,0.97384570005043,0.999995514273047,0.999980076327838,-1.54379452085296e-05,0.705413902442457
"515",2.14,0.975082915491943,0.999995928411292,0.999980076327838,-1.58520834536713e-05,0.705413902442457
"516",2.15,0.976212438870978,0.999996287801036,0.999980076327838,-1.621147319808e-05,0.705413902442457
"517",2.16,0.9772986011711,0.999996616737783,0.999980076327838,-1.65404099446986e-05,0.705413902442457
"518",2.17,0.978342659268871,0.999996917684459,0.999980076327838,-1.68413566207226e-05,0.705413902442457
"519",2.18,0.979345853552478,0.999997192915336,0.999980076327838,-1.71165874977008e-05,0.705413902442457
"520",2.19,0.980359045329972,0.999997457155624,0.999980076327838,-1.73808277861287e-05,0.705413902442457
"521",2.2,0.981282173451274,0.999997685999581,0.999980076327838,-1.7609671742469e-05,0.705413902442457
"522",2.21,0.982168114375006,0.999997895039613,0.999980076327838,-1.7818711774864e-05,0.705413902442457
"523",2.22,0.983018034252866,0.999998085914999,0.999980076327838,-1.80095871602504e-05,0.705413902442457
"524",2.23,0.983875031856555,0.999998268871205,0.999980076327838,-1.81925433665464e-05,0.705413902442457
"525",2.24,0.984654582678894,0.999998427062207,0.999980076327838,-1.83507343688438e-05,0.705413902442457
"526",2.25,0.985401547341746,0.999998571335073,0.999980076327838,-1.8495007234165e-05,0.705413902442457
"527",2.26,0.986117008598212,0.999998702863002,0.999980076327838,-1.86265351639348e-05,0.705413902442457
"528",2.27,0.986837257765358,0.999998828729619,0.999980076327838,-1.87524017806195e-05,0.705413902442457
"529",2.28,0.987491354654126,0.999998937382039,0.999980076327838,-1.88610542005696e-05,0.705413902442457
"530",2.29,0.988117118614099,0.999999036318222,0.999980076327838,-1.89599903838156e-05,0.705413902442457
"531",2.3,0.988715543232689,0.999999126371878,0.999980076327838,-1.90500440401253e-05,0.705413902442457
"532",2.31,0.98931699544714,0.999999212409678,0.999980076327838,-1.91360818396769e-05,0.705413902442457
"533",2.32,0.989862319845982,0.999999286559882,0.999980076327838,-1.92102320440979e-05,0.705413902442457
"534",2.33,0.990383198108281,0.999999353972467,0.999980076327838,-1.92776446285015e-05,0.705413902442457
"535",2.34,0.990880531911703,0.99999941523572,0.999980076327838,-1.93389078816386e-05,0.705413902442457
"536",2.35,0.99135520014237,0.999999470888849,0.999980076327838,-1.93945610101887e-05,0.705413902442457
"537",2.36,0.991831305354103,0.999999523952735,0.999980076327838,-1.94476248968067e-05,0.705413902442457
"538",2.37,0.992262106764578,0.999999569592371,0.999980076327838,-1.94932645325441e-05,0.705413902442457
"539",2.38,0.992672785014519,0.99999961100322,0.999980076327838,-1.95346753817383e-05,0.705413902442457
"540",2.39,0.993064127257628,0.99999964856244,0.999980076327838,-1.95722346011395e-05,0.705413902442457
"541",2.4,0.993456017594289,0.999999684316177,0.999980076327838,-1.96079883385547e-05,0.705413902442457
"542",2.41,0.99381004199482,0.999999715017619,0.999980076327838,-1.9638689780721e-05,0.705413902442457
"543",2.42,0.994146995999944,0.999999742830351,0.999980076327838,-1.96665025123943e-05,0.705413902442457
"544",2.43,0.994467577525232,0.999999768016338,0.999980076327838,-1.9691688499468e-05,0.705413902442457
"545",2.44,0.994788087374578,0.999999791952764,0.999980076327838,-1.97156249255315e-05,0.705413902442457
"546",2.45,0.995077158339462,0.999999812473402,0.999980076327838,-1.97361455636091e-05,0.705413902442457
"547",2.46,0.995351855860092,0.999999831033858,0.999980076327838,-1.97547060200032e-05,0.705413902442457
"548",2.47,0.995612792729893,0.999999847814822,0.999980076327838,-1.97714869840659e-05,0.705413902442457
"549",2.48,0.995860561518909,0.999999862980982,0.999980076327838,-1.97866531439495e-05,0.705413902442457
"550",2.49,0.996107774129248,0.999999877365576,0.999980076327838,-1.98010377376878e-05,0.705413902442457
"551",2.5,0.996330286444574,0.999999889672492,0.999980076327838,-1.98133446538407e-05,0.705413902442457
"552",2.51,0.996541318098252,0.999999900781888,0.999980076327838,-1.98244540499104e-05,0.705413902442457
"553",2.52,0.996741383316755,0.999999910806375,0.999980076327838,-1.98344785363735e-05,0.705413902442457
"554",2.53,0.996940675700312,0.999999920298853,0.999980076327838,-1.98439710148435e-05,0.705413902442457
"555",2.54,0.997119764556385,0.999999928407073,0.999980076327838,-1.98520792350498e-05,0.705413902442457
"556",2.55,0.99728934468195,0.999999935714757,0.999980076327838,-1.98593869185082e-05,0.705413902442457
"557",2.56,0.997449858262948,0.999999942298372,0.999980076327838,-1.98659705332727e-05,0.705413902442457
"558",2.57,0.997609492480786,0.999999948522485,0.999980076327838,-1.98721946462754e-05,0.705413902442457
"559",2.58,0.99775271069973,0.999999953830323,0.999980076327838,-1.98775024845554e-05,0.705413902442457
"560",2.59,0.997888110336512,0.999999958606549,0.999980076327838,-1.98822787109698e-05,0.705413902442457
"561",2.6,0.998016068256351,0.999999962902731,0.999980076327838,-1.98865748927135e-05,0.705413902442457
"562",2.61,0.99813694626158,0.999999966765608,0.999980076327838,-1.98904377695097e-05,0.705413902442457
"563",2.62,0.998256919024904,0.999999970410174,0.999980076327838,-1.9894082335159e-05,0.705413902442457
"564",2.63,0.998364336574893,0.999999973511919,0.999980076327838,-1.98971840811302e-05,0.705413902442457
"565",2.64,0.998465689842616,0.999999976297509,0.999980076327838,-1.98999696702229e-05,0.705413902442457
"566",2.65,0.998561283859069,0.99999997879819,0.999980076327838,-1.99024703519957e-05,0.705413902442457
"567",2.66,0.998656008115528,0.999999981153723,0.999980076327838,-1.99048258843204e-05,0.705413902442457
"568",2.67,0.998740681746275,0.999999983155169,0.999980076327838,-1.99068273306624e-05,0.705413902442457
"569",2.68,0.998820448797159,0.99999998494977,0.999980076327838,-1.99086219320188e-05,0.705413902442457
"570",2.69,0.998895564257018,0.999999986558276,0.999980076327838,-1.99102304376808e-05,0.705413902442457
"571",2.7,0.99896987557331,0.999999988070963,0.999980076327838,-1.99117431248785e-05,0.705413902442457
"572",2.71,0.999036194321294,0.999999989354176,0.999980076327838,-1.99130263371927e-05,0.705413902442457
"573",2.72,0.999098571325467,0.999999990502953,0.999980076327838,-1.99141751145993e-05,0.705413902442457
"574",2.73,0.999157217967161,0.999999991530978,0.999980076327838,-1.99152031400418e-05,0.705413902442457
"575",2.74,0.999212335811564,0.999999992450586,0.999980076327838,-1.9916122747321e-05,0.705413902442457
"576",2.75,0.999266753371026,0.999999993313666,0.999980076327838,-1.9916985827706e-05,0.705413902442457
"577",2.76,0.999315219762531,0.999999994044336,0.999980076327838,-1.9917716497897e-05,0.705413902442457
"578",2.77,0.999360715652205,0.99999999469717,0.999980076327838,-1.99183693320171e-05,0.705413902442457
"579",2.78,0.999403406431166,0.999999995280233,0.999980076327838,-1.99189523943932e-05,0.705413902442457
"580",2.79,0.999445486463541,0.999999995826569,0.999980076327838,-1.99194987308138e-05,0.705413902442457
"581",2.8,0.999482903729946,0.999999996288339,0.999980076327838,-1.99199605002143e-05,0.705413902442457
"582",2.81,0.999517972163949,0.999999996700266,0.999980076327838,-1.99203724274843e-05,0.705413902442457
"583",2.82,0.999550826381647,0.999999997067587,0.999980076327838,-1.99207397491019e-05,0.705413902442457
"584",2.83,0.999583158061988,0.999999997411215,0.999980076327838,-1.99210833768948e-05,0.705413902442457
"585",2.84,0.999611860489078,0.999999997701182,0.999980076327838,-1.99213733438341e-05,0.705413902442457
"586",2.85,0.999638718619582,0.999999997959443,0.999980076327838,-1.99216316043582e-05,0.705413902442457
"587",2.86,0.999663841149858,0.999999998189374,0.999980076327838,-1.99218615357655e-05,0.705413902442457
"588",2.87,0.999687331063386,0.999999998394004,0.999980076327838,-1.99220661657451e-05,0.705413902442457
"589",2.88,0.999710400650173,0.999999998585049,0.999980076327838,-1.99222572102586e-05,0.705413902442457
"590",2.89,0.99973083921436,0.999999998745934,0.999980076327838,-1.99224180958968e-05,0.705413902442457
"591",2.9,0.99974992679226,0.999999998888946,0.999980076327838,-1.99225611077214e-05,0.705413902442457
"592",2.91,0.999767745725591,0.99999999901602,0.999980076327838,-1.99226881820724e-05,0.705413902442457
"593",2.92,0.999785217430353,0.999999999134467,0.999980076327838,-1.99228066283252e-05,0.705413902442457
"594",2.93,0.999800671404568,0.999999999234053,0.999980076327838,-1.99229062146644e-05,0.705413902442457
"595",2.94,0.999815081055594,0.999999999322436,0.999980076327838,-1.99229945980761e-05,0.705413902442457
"596",2.95,0.999828511710316,0.999999999400846,0.999980076327838,-1.99230730081323e-05,0.705413902442457
"597",2.96,0.999841659294348,0.999999999473815,0.999980076327838,-1.99231459764304e-05,0.705413902442457
"598",2.97,0.999853269640814,0.999999999535065,0.999980076327838,-1.99232072269906e-05,0.705413902442457
"599",2.98,0.99986407828699,0.99999999958934,0.999980076327838,-1.99232615016864e-05,0.705413902442457
"600",2.99,0.999874136662894,0.999999999637415,0.999980076327838,-1.99233095763418e-05,0.705413902442457
"601",3,0.999883493193988,0.999999999679981,0.999980076327838,-1.99233521425146e-05,0.705413902442457
"602",3.01,0.999892634009161,0.999999999719513,0.999980076327838,-1.9923391675114e-05,0.705413902442457
"603",3.02,0.999900689728629,0.999999999752631,0.999980076327838,-1.99234247926228e-05,0.705413902442457
"604",3.03,0.999908174417233,0.999999999781919,0.999980076327838,-1.99234540808613e-05,0.705413902442457
"605",3.04,0.99991512583805,0.999999999807811,0.999980076327838,-1.99234799727055e-05,0.705413902442457
"606",3.05,0.999921905981089,0.999999999831819,0.999980076327838,-1.99235039806123e-05,0.705413902442457
"607",3.06,0.999927871559578,0.999999999851899,0.999980076327838,-1.99235240603279e-05,0.705413902442457
"608",3.07,0.999933405504179,0.999999999869629,0.999980076327838,-1.99235417905896e-05,0.705413902442457
"609",3.08,0.999938537041498,0.999999999885279,0.999980076327838,-1.99235574402934e-05,0.705413902442457
"610",3.09,0.999943534025867,0.999999999899766,0.999980076327838,-1.99235719280377e-05,0.705413902442457
"611",3.1,0.99994792353534,0.999999999911864,0.999980076327838,-1.9923584025916e-05,0.705413902442457
"612",3.11,0.999951989008278,0.99999999992253,0.999980076327838,-1.99235946916065e-05,0.705413902442457
"613",3.12,0.999955752895478,0.99999999993193,0.999980076327838,-1.99236040911988e-05,0.705413902442457
"614",3.13,0.999959236209001,0.99999999994021,0.999980076327838,-1.99236123715751e-05,0.705413902442457
"615",3.14,0.999962621331554,0.99999999994786,0.999980076327838,-1.9923620022122e-05,0.705413902442457
"616",3.15,0.999965588912255,0.999999999954236,0.999980076327838,-1.99236263979108e-05,0.705413902442457
"617",3.16,0.999968332007606,0.999999999959846,0.999980076327838,-1.99236320080898e-05,0.705413902442457
"618",3.17,0.999970866609242,0.999999999964781,0.999980076327838,-1.99236369428091e-05,0.705413902442457
"619",3.18,0.999973325769245,0.999999999969333,0.999980076327838,-1.99236414948345e-05,0.705413902442457
"620",3.19,0.999975478100926,0.999999999973121,0.999980076327838,-1.99236452825824e-05,0.705413902442457
"621",3.2,0.999977464472103,0.999999999976449,0.999980076327838,-1.99236486103649e-05,0.705413902442457
"622",3.21,0.999979296963956,0.999999999979371,0.999980076327838,-1.9923651533027e-05,0.705413902442457
"623",3.22,0.999981072029456,0.999999999982063,0.999980076327838,-1.99236542247627e-05,0.705413902442457
"624",3.23,0.999982623098231,0.9999999999843,0.999980076327838,-1.9923656461196e-05,0.705413902442457
"625",3.24,0.999984052305124,0.999999999986261,0.999980076327838,-1.99236584229601e-05,0.705413902442457
"626",3.25,0.999985368710329,0.999999999987982,0.999980076327838,-1.99236601434727e-05,0.705413902442457
"627",3.26,0.999986580743539,0.99999999998949,0.999980076327838,-1.99236616515996e-05,0.705413902442457
"628",3.27,0.999987752421393,0.999999999990876,0.999980076327838,-1.99236630380462e-05,0.705413902442457
"629",3.28,0.999988774172216,0.999999999992026,0.999980076327838,-1.99236641876821e-05,0.705413902442457
"630",3.29,0.999989713792373,0.999999999993033,0.999980076327838,-1.99236651944323e-05,0.705413902442457
"631",3.3,0.99999057754642,0.999999999993914,0.999980076327838,-1.99236660756164e-05,0.705413902442457
"632",3.31,0.999991411187435,0.999999999994723,0.999980076327838,-1.99236668845248e-05,0.705413902442457
"633",3.32,0.999992136975941,0.999999999995393,0.999980076327838,-1.99236675543224e-05,0.705413902442457
"634",3.33,0.999992803368679,0.999999999995978,0.999980076327838,-1.9923668139965e-05,0.705413902442457
"635",3.34,0.999993414987536,0.99999999999649,0.999980076327838,-1.99236686519999e-05,0.705413902442457
"636",3.35,0.999994004326469,0.99999999999696,0.999980076327838,-1.99236691212912e-05,0.705413902442457
"637",3.36,0.999994516586384,0.999999999997348,0.999980076327838,-1.99236695093141e-05,0.705413902442457
"638",3.37,0.999994986181296,0.999999999997687,0.999980076327838,-1.99236698481542e-05,0.705413902442457
"639",3.38,0.999995416496643,0.999999999997982,0.999980076327838,-1.99236701440286e-05,0.705413902442457
"640",3.39,0.999995810664066,0.999999999998241,0.999980076327838,-1.99236704022665e-05,0.705413902442457
"641",3.4,0.999996189705252,0.999999999998477,0.999980076327838,-1.9923670638522e-05,0.705413902442457
"642",3.41,0.999996518505175,0.999999999998672,0.999980076327838,-1.99236708335881e-05,0.705413902442457
"643",3.42,0.999996819326071,0.999999999998842,0.999980076327838,-1.99236710036743e-05,0.705413902442457
"644",3.43,0.999997094441364,0.99999999999899,0.999980076327838,-1.99236711520001e-05,0.705413902442457
"645",3.44,0.999997358570139,0.999999999999126,0.999980076327838,-1.99236712875583e-05,0.705413902442457
"646",3.45,0.999997587317044,0.999999999999238,0.999980076327838,-1.99236713993578e-05,0.705413902442457
"647",3.46,0.999997796267999,0.999999999999335,0.999980076327838,-1.99236714967244e-05,0.705413902442457
"648",3.47,0.999997987061657,0.99999999999942,0.999980076327838,-1.99236715815454e-05,0.705413902442457
"649",3.48,0.999998169939141,0.999999999999497,0.999980076327838,-1.9923671659039e-05,0.705413902442457
"650",3.49,0.99999832806174,0.999999999999561,0.999980076327838,-1.99236717228768e-05,0.705413902442457
"651",3.5,0.99999847227192,0.999999999999617,0.999980076327838,-1.9923671778499e-05,0.705413902442457
"652",3.51,0.999998603742425,0.999999999999665,0.999980076327838,-1.99236718269047e-05,0.705413902442457
"653",3.52,0.999998723551907,0.999999999999707,0.999980076327838,-1.99236718689821e-05,0.705413902442457
"654",3.53,0.999998838158326,0.999999999999746,0.999980076327838,-1.99236719073959e-05,0.705413902442457
"655",3.54,0.99999893705067,0.999999999999777,0.999980076327838,-1.99236719390372e-05,0.705413902442457
"656",3.55,0.999999027064227,0.999999999999805,0.999980076327838,-1.99236719665707e-05,0.705413902442457
"657",3.56,0.999999108964175,0.999999999999829,0.999980076327838,-1.99236719905516e-05,0.705413902442457
"658",3.57,0.999999187180376,0.999999999999851,0.999980076327838,-1.9923672012423e-05,0.705413902442457
"659",3.58,0.999999254562488,0.999999999999869,0.999980076327838,-1.99236720305196e-05,0.705413902442457
"660",3.59,0.999999315797911,0.999999999999885,0.999980076327838,-1.99236720461737e-05,0.705413902442457
"661",3.6,0.99999937142563,0.999999999999898,0.999980076327838,-1.99236720598295e-05,0.705413902442457
"662",3.61,0.999999424465164,0.999999999999911,0.999980076327838,-1.9923672072264e-05,0.705413902442457
"663",3.62,0.999999470083745,0.999999999999921,0.999980076327838,-1.99236720825891e-05,0.705413902442457
"664",3.63,0.999999511475392,0.99999999999993,0.999980076327838,-1.99236720915819e-05,0.705413902442457
"665",3.64,0.999999549017105,0.999999999999938,0.999980076327838,-1.99236720993534e-05,0.705413902442457
"666",3.65,0.999999583053684,0.999999999999945,0.999980076327838,-1.99236721062368e-05,0.705413902442457
"667",3.66,0.999999615441065,0.999999999999951,0.999980076327838,-1.9923672112454e-05,0.705413902442457
"668",3.67,0.999999643240623,0.999999999999956,0.999980076327838,-1.99236721175611e-05,0.705413902442457
"669",3.68,0.999999668414616,0.99999999999996,0.999980076327838,-1.9923672122113e-05,0.705413902442457
"670",3.69,0.999999691202121,0.999999999999964,0.999980076327838,-1.99236721259988e-05,0.705413902442457
"671",3.7,0.999999712850335,0.999999999999968,0.999980076327838,-1.99236721296625e-05,0.705413902442457
"672",3.71,0.999999731401802,0.999999999999971,0.999980076327838,-1.99236721326601e-05,0.705413902442457
"673",3.72,0.999999748174593,0.999999999999974,0.999980076327838,-1.99236721352136e-05,0.705413902442457
"674",3.73,0.999999763333324,0.999999999999976,0.999980076327838,-1.99236721375451e-05,0.705413902442457
"675",3.74,0.999999777710828,0.999999999999978,0.999980076327838,-1.99236721396545e-05,0.705413902442457
"676",3.75,0.999999790011642,0.99999999999998,0.999980076327838,-1.99236721414309e-05,0.705413902442457
"677",3.76,0.999999800559057,0.999999999999981,0.999980076327838,-1.99236721428742e-05,0.705413902442457
"678",3.77,0.999999800559057,0.999999999999981,0.999980076327838,-1.99236721428742e-05,0.705413902442457
"679",3.78,0.999999800559057,0.999999999999981,0.999980076327838,-1.99236721428742e-05,0.705413902442457
"680",3.79,0.999999800559057,0.999999999999981,0.999980076327838,-1.99236721428742e-05,0.705413902442457
"681",3.8,0.999999800559057,0.999999999999981,0.999980076327838,-1.99236721428742e-05,0.705413902442457
"682",3.81,0.999999800559057,0.999999999999981,0.999980076327838,-1.99236721428742e-05,0.705413902442457
"683",3.82,0.999999800559057,0.999999999999981,0.999980076327838,-1.99236721428742e-05,0.705413902442457
"684",3.83,0.999999800559057,0.999999999999981,0.999980076327838,-1.99236721428742e-05,0.705413902442457
"685",3.84,0.999999800559057,0.999999999999981,0.999980076327838,-1.99236721428742e-05,0.705413902442457
"686",3.85,0.999999800559057,0.999999999999981,0.999980076327838,-1.99236721428742e-05,0.705413902442457
"687",3.86,0.999999800559057,0.999999999999981,0.999980076327838,-1.99236721428742e-05,0.705413902442457
"688",3.87,0.999999800559057,0.999999999999981,0.999980076327838,-1.99236721428742e-05,0.705413902442457
"689",3.88,0.999999800559057,0.999999999999981,0.999980076327838,-1.99236721428742e-05,0.705413902442457
"690",3.89,0.999999800559057,0.999999999999981,0.999980076327838,-1.99236721428742e-05,0.705413902442457
"691",3.9,0.999999800559057,0.999999999999981,0.999980076327838,-1.99236721428742e-05,0.705413902442457
"692",3.91,0.999999800559057,0.999999999999981,0.999980076327838,-1.99236721428742e-05,0.705413902442457
"693",3.92,0.999999800559057,0.999999999999981,0.999980076327838,-1.99236721428742e-05,0.705413902442457
"694",3.93,0.999999800559057,0.999999999999981,0.999980076327838,-1.99236721428742e-05,0.705413902442457
"695",3.94,0.999999800559057,0.999999999999981,0.999980076327838,-1.99236721428742e-05,0.705413902442457
"696",3.95,0.999999800559057,0.999999999999981,0.999980076327838,-1.99236721428742e-05,0.705413902442457
"697",3.96,0.999999800559057,0.999999999999981,0.999980076327838,-1.99236721428742e-05,0.705413902442457
"698",3.97,0.999999800559057,0.999999999999981,0.999980076327838,-1.99236721428742e-05,0.705413902442457
"699",3.98,0.999999800559057,0.999999999999981,0.999980076327838,-1.99236721428742e-05,0.705413902442457
"700",3.99,0.999999800559057,0.999999999999981,0.999980076327838,-1.99236721428742e-05,0.705413902442457
"701",4,0.999999800559057,0.999999999999981,0.999980076327838,-1.99236721428742e-05,0.705413902442457
